,id,lable
12,10037,4
13,10041,4
15,10046,4
27,10083,4
31,10090,4
42,10121,4
80,10232,4
86,10246,4
100,10284,4
107,10309,4
126,10388,4
135,10409,4
139,10418,4
151,10449,4
156,10463,4
185,10545,4
188,10551,4
193,10571,4
243,10705,4
256,10740,4
257,10744,4
271,10780,4
322,10932,4
323,10933,4
324,10935,4
326,10937,4
339,10981,4
357,11028,4
364,11044,4
386,11096,4
415,11176,4
450,11260,4
466,11308,4
491,11383,4
522,11496,4
525,11502,4
552,11591,4
557,11602,4
570,11642,4
575,11658,4
599,11727,4
620,11782,4
625,11794,4
629,11804,4
638,11834,4
665,11903,4
704,12023,4
706,12025,4
711,12034,4
739,12132,4
760,12192,4
766,12206,4
768,12211,4
785,12277,4
804,12323,4
814,12339,4
815,12340,4
825,12374,4
844,12426,4
859,12470,4
889,12557,4
893,12570,4
901,12586,4
942,12674,4
950,12703,4
1002,12850,4
1040,12968,4
1096,13121,4
1102,13132,4
1132,13229,4
1135,13239,4
1140,13251,4
1152,13292,4
1166,13330,4
1169,13337,4
1183,13367,4
1215,13442,4
1249,13533,4
1267,13578,4
1282,13613,4
1283,13615,4
1293,13642,4
1296,13650,4
1327,13741,4
1329,13746,4
1363,13860,4
1376,13897,4
1412,13986,4
1416,13999,4
1438,14069,4
1448,14094,4
1499,14241,4
1502,14255,4
1503,14256,4
1531,14363,4
1537,14377,4
1601,14529,4
1604,14535,4
1624,14582,4
1630,14599,4
1638,14616,4
1651,14657,4
1681,14742,4
1692,14777,4
1697,14787,4
1706,14812,4
1757,14962,4
1760,14978,4
1801,15095,4
1829,15156,4
1850,15223,4
1888,15306,4
1910,15352,4
1953,15461,4
1993,15570,4
2008,15607,4
2009,15617,4
2057,15729,4
2096,15821,4
2128,15922,4
2131,15928,4
2134,15946,4
2150,15979,4
2161,16017,4
2177,16077,4
2204,16157,4
2212,16182,4
2229,16224,4
2283,16367,4
2284,16369,4
2307,16431,4
2350,16564,4
2381,16634,4
2446,16790,4
2462,16831,4
2476,16875,4
2504,16960,4
2548,17069,4
2549,17072,4
2589,17189,4
2600,17214,4
2607,17233,4
2616,17251,4
2638,17318,4
2645,17328,4
2656,17372,4
2659,17380,4
2703,17514,4
2735,17598,4
2769,17724,4
2815,17863,4
2822,17874,4
2837,17916,4
2865,17994,4
2866,17997,4
2902,18096,4
2925,18151,4
2940,18185,4
2970,18264,4
2984,18300,4
2992,18326,4
2994,18330,4
3016,18377,4
3040,18450,4
3049,18482,4
3080,18580,4
3135,18718,4
3140,18733,4
3185,18851,4
3203,18899,4
3247,19026,4
3250,19034,4
3257,19054,4
3278,19115,4
3291,19161,4
3327,19259,4
3331,19266,4
3336,19278,4
3343,19295,4
3404,19487,4
3410,19525,4
3415,19541,4
3431,19588,4
3460,19682,4
3463,19689,4
3492,19777,4
3543,19942,4
3545,19946,4
3550,19964,4
3556,19986,4
3557,19988,4
3558,19990,4
5,10018,3
22,10070,3
30,10087,3
35,10097,3
44,10126,3
51,10146,3
52,10148,3
66,10185,3
77,10221,3
87,10248,3
90,10255,3
104,10297,3
115,10331,3
117,10345,3
130,10402,3
147,10435,3
157,10465,3
171,10511,3
192,10567,3
202,10607,3
219,10652,3
238,10695,3
253,10731,3
269,10776,3
286,10829,3
295,10861,3
305,10883,3
316,10921,3
318,10926,3
334,10967,3
369,11057,3
370,11061,3
377,11074,3
393,11120,3
424,11197,3
439,11230,3
441,11232,3
451,11261,3
459,11286,3
460,11289,3
464,11301,3
468,11312,3
475,11334,3
482,11359,3
484,11363,3
503,11433,3
507,11450,3
538,11537,3
546,11579,3
548,11584,3
558,11605,3
576,11660,3
585,11684,3
595,11716,3
605,11741,3
613,11760,3
617,11776,3
622,11786,3
631,11806,3
645,11849,3
651,11866,3
667,11907,3
672,11926,3
682,11955,3
683,11957,3
690,11974,3
709,12032,3
715,12052,3
719,12059,3
723,12079,3
726,12090,3
730,12101,3
753,12177,3
772,12222,3
778,12254,3
781,12265,3
790,12290,3
791,12291,3
799,12307,3
809,12329,3
819,12357,3
821,12362,3
822,12368,3
837,12405,3
845,12429,3
854,12449,3
867,12490,3
872,12508,3
880,12530,3
914,12613,3
933,12651,3
943,12677,3
963,12732,3
970,12752,3
973,12764,3
983,12799,3
990,12811,3
995,12827,3
1000,12847,3
1013,12891,3
1022,12919,3
1032,12940,3
1036,12952,3
1039,12966,3
1048,12981,3
1087,13092,3
1091,13107,3
1092,13111,3
1095,13120,3
1100,13128,3
1101,13131,3
1104,13142,3
1114,13177,3
1115,13178,3
1117,13193,3
1120,13206,3
1122,13208,3
1131,13227,3
1153,13293,3
1155,13303,3
1158,13308,3
1163,13321,3
1174,13344,3
1184,13369,3
1197,13402,3
1210,13435,3
1212,13438,3
1241,13513,3
1244,13517,3
1265,13573,3
1274,13592,3
1304,13670,3
1310,13687,3
1314,13694,3
1315,13698,3
1322,13727,3
1334,13766,3
1340,13785,3
1346,13801,3
1353,13818,3
1355,13825,3
1361,13850,3
1364,13862,3
1368,13870,3
1371,13876,3
1392,13939,3
1396,13948,3
1398,13953,3
1400,13958,3
1408,13975,3
1414,13990,3
1429,14044,3
1450,14098,3
1451,14100,3
1466,14142,3
1474,14164,3
1481,14180,3
1501,14254,3
1508,14278,3
1528,14353,3
1532,14368,3
1546,14394,3
1554,14413,3
1556,14416,3
1557,14417,3
1563,14434,3
1567,14443,3
1570,14447,3
1573,14457,3
1576,14462,3
1586,14491,3
1589,14496,3
1597,14518,3
1622,14576,3
1636,14612,3
1652,14664,3
1664,14706,3
1675,14733,3
1676,14734,3
1687,14764,3
1700,14792,3
1721,14854,3
1724,14859,3
1747,14926,3
1755,14956,3
1768,15000,3
1769,15004,3
1775,15020,3
1790,15065,3
1792,15074,3
1797,15087,3
1823,15141,3
1834,15171,3
1838,15188,3
1842,15195,3
1846,15204,3
1851,15226,3
1876,15288,3
1896,15324,3
1912,15357,3
1924,15387,3
1926,15394,3
1936,15416,3
1938,15423,3
1949,15452,3
1961,15477,3
1986,15558,3
2014,15630,3
2017,15634,3
2021,15644,3
2064,15742,3
2072,15760,3
2080,15779,3
2108,15863,3
2113,15875,3
2114,15877,3
2117,15884,3
2118,15890,3
2130,15925,3
2136,15951,3
2140,15961,3
2145,15970,3
2164,16028,3
2173,16067,3
2179,16081,3
2180,16084,3
2218,16198,3
2224,16212,3
2240,16257,3
2250,16278,3
2252,16284,3
2254,16288,3
2257,16294,3
2270,16327,3
2273,16333,3
2278,16347,3
2279,16348,3
2286,16372,3
2289,16386,3
2290,16387,3
2303,16425,3
2311,16436,3
2320,16482,3
2332,16519,3
2351,16569,3
2355,16576,3
2368,16603,3
2382,16636,3
2405,16701,3
2406,16703,3
2409,16707,3
2416,16727,3
2436,16769,3
2439,16776,3
2445,16789,3
2465,16841,3
2473,16865,3
2482,16900,3
2483,16904,3
2492,16929,3
2508,16968,3
2510,16975,3
2516,16992,3
2520,17005,3
2531,17033,3
2540,17055,3
2544,17061,3
2572,17133,3
2575,17143,3
2577,17149,3
2582,17163,3
2591,17193,3
2602,17219,3
2615,17249,3
2629,17295,3
2640,17320,3
2651,17355,3
2652,17361,3
2660,17381,3
2681,17448,3
2700,17509,3
2701,17512,3
2706,17520,3
2712,17536,3
2714,17540,3
2719,17556,3
2722,17561,3
2723,17565,3
2724,17570,3
2730,17582,3
2743,17625,3
2745,17632,3
2752,17644,3
2762,17700,3
2789,17782,3
2790,17787,3
2798,17813,3
2808,17830,3
2825,17884,3
2849,17949,3
2877,18032,3
2879,18035,3
2884,18045,3
2899,18078,3
2904,18099,3
2907,18105,3
2936,18175,3
2937,18176,3
2959,18241,3
2964,18250,3
2982,18298,3
2996,18334,3
2999,18341,3
3001,18347,3
3004,18352,3
3009,18364,3
3024,18400,3
3034,18437,3
3038,18445,3
3041,18451,3
3061,18524,3
3066,18548,3
3068,18553,3
3073,18567,3
3082,18583,3
3091,18596,3
3095,18604,3
3096,18605,3
3101,18616,3
3104,18627,3
3106,18645,3
3108,18648,3
3110,18653,3
3116,18675,3
3128,18700,3
3141,18734,3
3148,18751,3
3174,18823,3
3175,18825,3
3177,18831,3
3182,18843,3
3186,18852,3
3191,18868,3
3193,18870,3
3199,18892,3
3204,18902,3
3233,18995,3
3249,19031,3
3253,19048,3
3254,19049,3
3256,19053,3
3261,19072,3
3265,19082,3
3275,19106,3
3282,19138,3
3285,19145,3
3286,19151,3
3295,19173,3
3319,19232,3
3323,19247,3
3339,19289,3
3340,19290,3
3354,19339,3
3355,19345,3
3357,19353,3
3359,19357,3
3360,19360,3
3366,19367,3
3367,19370,3
3371,19396,3
3377,19405,3
3383,19416,3
3387,19426,3
3400,19475,3
3425,19564,3
3433,19594,3
3435,19599,3
3440,19612,3
3457,19669,3
3466,19694,3
3468,19699,3
3480,19739,3
3484,19750,3
3494,19781,3
3500,19804,3
3502,19810,3
3507,19824,3
3512,19845,3
3514,19857,3
3519,19882,3
3527,19906,3
3530,19910,3
3531,19911,3
3535,19917,3
3538,19930,3
3542,19941,3
0,10001,2
1,10003,2
9,10023,2
14,10045,2
16,10049,2
18,10053,2
21,10062,2
25,10080,2
32,10091,2
33,10092,2
37,10101,2
47,10135,2
54,10151,2
55,10152,2
61,10170,2
64,10181,2
71,10202,2
78,10225,2
82,10235,2
91,10256,2
98,10281,2
105,10298,2
112,10325,2
113,10326,2
124,10382,2
138,10416,2
143,10426,2
145,10430,2
148,10437,2
153,10455,2
158,10469,2
162,10484,2
163,10487,2
177,10526,2
181,10537,2
182,10538,2
184,10540,2
187,10548,2
189,10561,2
196,10578,2
199,10601,2
210,10630,2
214,10636,2
217,10648,2
225,10662,2
227,10668,2
229,10670,2
230,10672,2
233,10683,2
235,10687,2
236,10690,2
237,10693,2
245,10709,2
246,10711,2
247,10712,2
248,10713,2
250,10723,2
252,10727,2
268,10775,2
270,10777,2
273,10785,2
274,10790,2
276,10796,2
277,10803,2
281,10817,2
283,10819,2
288,10832,2
291,10837,2
293,10855,2
294,10858,2
296,10863,2
301,10877,2
308,10891,2
310,10896,2
313,10904,2
314,10915,2
317,10925,2
319,10927,2
332,10959,2
335,10969,2
352,11018,2
354,11023,2
360,11033,2
363,11040,2
367,11051,2
371,11065,2
372,11066,2
373,11067,2
376,11070,2
379,11081,2
388,11098,2
390,11107,2
391,11111,2
394,11123,2
410,11169,2
412,11171,2
416,11179,2
418,11181,2
433,11219,2
435,11225,2
436,11226,2
437,11228,2
440,11231,2
442,11234,2
448,11253,2
452,11262,2
465,11303,2
467,11311,2
469,11314,2
471,11319,2
474,11331,2
478,11345,2
489,11377,2
494,11403,2
502,11432,2
504,11437,2
505,11440,2
516,11480,2
524,11501,2
528,11516,2
533,11526,2
535,11533,2
536,11534,2
543,11569,2
544,11570,2
547,11580,2
553,11594,2
559,11608,2
565,11630,2
568,11640,2
571,11651,2
572,11652,2
578,11663,2
583,11677,2
586,11686,2
597,11723,2
604,11740,2
606,11743,2
610,11752,2
611,11753,2
612,11759,2
615,11771,2
619,11779,2
634,11816,2
649,11863,2
655,11874,2
657,11882,2
662,11894,2
676,11938,2
677,11941,2
691,11977,2
699,12001,2
700,12009,2
701,12010,2
702,12016,2
712,12036,2
714,12044,2
716,12053,2
722,12078,2
727,12094,2
728,12096,2
729,12099,2
733,12107,2
734,12111,2
735,12112,2
740,12134,2
742,12140,2
744,12148,2
746,12157,2
750,12167,2
755,12182,2
758,12186,2
761,12193,2
765,12205,2
775,12229,2
779,12257,2
786,12280,2
787,12281,2
788,12286,2
794,12295,2
795,12299,2
798,12306,2
801,12312,2
802,12313,2
810,12331,2
811,12332,2
817,12347,2
818,12355,2
827,12376,2
829,12387,2
832,12398,2
834,12401,2
846,12432,2
850,12443,2
852,12445,2
856,12458,2
863,12478,2
870,12496,2
885,12548,2
895,12574,2
896,12576,2
904,12595,2
906,12598,2
910,12604,2
911,12605,2
917,12621,2
919,12623,2
923,12629,2
929,12642,2
936,12656,2
946,12686,2
951,12704,2
956,12718,2
957,12719,2
961,12727,2
962,12729,2
967,12748,2
968,12749,2
972,12761,2
979,12778,2
982,12785,2
984,12802,2
987,12807,2
988,12809,2
992,12815,2
996,12833,2
997,12840,2
1003,12851,2
1006,12857,2
1007,12864,2
1010,12878,2
1023,12922,2
1026,12928,2
1028,12930,2
1030,12937,2
1033,12945,2
1041,12972,2
1046,12977,2
1056,12998,2
1058,13003,2
1061,13011,2
1066,13024,2
1070,13038,2
1071,13039,2
1077,13055,2
1081,13074,2
1085,13086,2
1086,13090,2
1097,13122,2
1098,13125,2
1099,13127,2
1105,13146,2
1107,13152,2
1118,13204,2
1129,13223,2
1147,13281,2
1151,13290,2
1159,13313,2
1161,13317,2
1162,13320,2
1171,13340,2
1175,13345,2
1180,13358,2
1181,13359,2
1186,13372,2
1187,13374,2
1193,13386,2
1194,13387,2
1199,13406,2
1208,13428,2
1211,13436,2
1213,13440,2
1222,13464,2
1223,13468,2
1227,13482,2
1230,13489,2
1232,13492,2
1233,13495,2
1236,13504,2
1243,13516,2
1245,13518,2
1246,13519,2
1254,13549,2
1260,13562,2
1264,13571,2
1277,13603,2
1278,13605,2
1298,13660,2
1306,13682,2
1308,13684,2
1309,13686,2
1316,13700,2
1319,13709,2
1323,13728,2
1325,13736,2
1332,13758,2
1336,13775,2
1342,13789,2
1344,13796,2
1349,13810,2
1358,13834,2
1359,13838,2
1366,13868,2
1380,13905,2
1381,13906,2
1382,13912,2
1383,13913,2
1387,13925,2
1393,13943,2
1395,13947,2
1397,13951,2
1407,13973,2
1419,14016,2
1424,14025,2
1425,14033,2
1431,14047,2
1433,14051,2
1434,14052,2
1435,14056,2
1439,14072,2
1440,14075,2
1441,14077,2
1442,14081,2
1453,14104,2
1463,14132,2
1464,14133,2
1465,14135,2
1470,14148,2
1477,14168,2
1478,14170,2
1484,14197,2
1487,14207,2
1491,14218,2
1493,14224,2
1497,14233,2
1500,14249,2
1505,14261,2
1512,14300,2
1514,14304,2
1521,14328,2
1526,14350,2
1527,14352,2
1529,14356,2
1530,14358,2
1535,14371,2
1539,14382,2
1547,14395,2
1553,14411,2
1555,14414,2
1566,14441,2
1572,14456,2
1574,14458,2
1579,14470,2
1580,14473,2
1581,14474,2
1583,14483,2
1587,14492,2
1588,14493,2
1590,14501,2
1591,14505,2
1598,14520,2
1599,14525,2
1602,14531,2
1607,14541,2
1608,14543,2
1609,14544,2
1612,14550,2
1620,14572,2
1629,14598,2
1631,14600,2
1633,14606,2
1639,14617,2
1643,14632,2
1644,14637,2
1649,14653,2
1650,14656,2
1653,14666,2
1654,14671,2
1656,14673,2
1665,14707,2
1666,14711,2
1667,14712,2
1670,14717,2
1673,14725,2
1679,14740,2
1686,14755,2
1690,14774,2
1693,14779,2
1699,14791,2
1701,14794,2
1704,14803,2
1714,14832,2
1715,14833,2
1720,14850,2
1731,14874,2
1733,14877,2
1738,14904,2
1739,14906,2
1745,14922,2
1746,14924,2
1752,14945,2
1758,14973,2
1759,14976,2
1763,14988,2
1765,14991,2
1766,14992,2
1772,15015,2
1773,15018,2
1774,15019,2
1778,15026,2
1779,15027,2
1782,15039,2
1784,15048,2
1785,15049,2
1798,15088,2
1804,15098,2
1806,15106,2
1809,15111,2
1810,15112,2
1814,15117,2
1815,15120,2
1816,15121,2
1817,15127,2
1818,15130,2
1819,15135,2
1821,15139,2
1824,15142,2
1826,15147,2
1830,15157,2
1835,15182,2
1836,15184,2
1867,15261,2
1868,15264,2
1869,15266,2
1875,15285,2
1886,15304,2
1887,15305,2
1891,15313,2
1894,15320,2
1897,15327,2
1899,15330,2
1909,15350,2
1913,15359,2
1923,15383,2
1927,15395,2
1934,15410,2
1940,15429,2
1944,15438,2
1945,15439,2
1947,15447,2
1951,15458,2
1954,15462,2
1957,15467,2
1962,15478,2
1968,15500,2
1971,15507,2
1973,15512,2
1977,15519,2
1978,15524,2
1989,15563,2
1990,15564,2
1994,15571,2
1997,15577,2
1998,15580,2
2010,15619,2
2012,15622,2
2015,15631,2
2016,15632,2
2019,15640,2
2023,15647,2
2024,15649,2
2027,15655,2
2028,15656,2
2029,15658,2
2039,15691,2
2043,15702,2
2044,15703,2
2048,15709,2
2050,15711,2
2055,15723,2
2062,15739,2
2069,15754,2
2081,15780,2
2082,15783,2
2083,15785,2
2084,15786,2
2088,15796,2
2098,15826,2
2100,15834,2
2102,15847,2
2105,15860,2
2107,15862,2
2110,15869,2
2120,15893,2
2124,15907,2
2125,15914,2
2126,15916,2
2127,15919,2
2142,15965,2
2143,15966,2
2144,15967,2
2146,15971,2
2147,15972,2
2151,15989,2
2154,15995,2
2155,15997,2
2157,16000,2
2163,16024,2
2166,16036,2
2167,16037,2
2171,16056,2
2175,16075,2
2178,16078,2
2188,16110,2
2190,16119,2
2193,16136,2
2196,16141,2
2199,16146,2
2210,16180,2
2215,16193,2
2221,16204,2
2225,16215,2
2228,16223,2
2230,16233,2
2233,16243,2
2238,16254,2
2239,16255,2
2241,16258,2
2242,16261,2
2245,16270,2
2248,16274,2
2253,16286,2
2262,16308,2
2263,16309,2
2271,16328,2
2274,16334,2
2292,16392,2
2300,16416,2
2309,16433,2
2318,16470,2
2319,16473,2
2323,16493,2
2325,16495,2
2327,16500,2
2328,16505,2
2329,16508,2
2331,16517,2
2335,16528,2
2337,16534,2
2339,16536,2
2340,16538,2
2345,16547,2
2346,16548,2
2347,16553,2
2353,16573,2
2359,16586,2
2363,16592,2
2365,16594,2
2367,16601,2
2369,16607,2
2372,16612,2
2374,16617,2
2383,16646,2
2385,16649,2
2387,16652,2
2389,16655,2
2408,16706,2
2413,16714,2
2414,16717,2
2417,16729,2
2420,16733,2
2428,16750,2
2432,16759,2
2434,16763,2
2442,16783,2
2443,16784,2
2450,16807,2
2460,16827,2
2461,16829,2
2464,16837,2
2472,16862,2
2478,16885,2
2485,16908,2
2486,16911,2
2488,16918,2
2495,16935,2
2500,16947,2
2521,17006,2
2525,17012,2
2533,17042,2
2536,17049,2
2541,17057,2
2546,17066,2
2547,17067,2
2552,17079,2
2556,17089,2
2562,17108,2
2569,17124,2
2574,17142,2
2594,17200,2
2596,17204,2
2604,17223,2
2608,17234,2
2610,17236,2
2611,17238,2
2614,17245,2
2620,17269,2
2623,17282,2
2633,17304,2
2635,17314,2
2637,17316,2
2643,17325,2
2653,17368,2
2654,17370,2
2672,17419,2
2676,17434,2
2677,17435,2
2680,17446,2
2686,17463,2
2688,17481,2
2691,17486,2
2692,17487,2
2696,17497,2
2707,17522,2
2708,17524,2
2710,17533,2
2713,17538,2
2716,17549,2
2720,17557,2
2728,17578,2
2731,17584,2
2732,17585,2
2734,17595,2
2736,17602,2
2737,17603,2
2740,17616,2
2751,17642,2
2753,17647,2
2755,17654,2
2761,17692,2
2768,17718,2
2773,17740,2
2774,17744,2
2775,17748,2
2782,17765,2
2783,17770,2
2784,17771,2
2786,17776,2
2788,17779,2
2791,17790,2
2801,17816,2
2804,17823,2
2810,17847,2
2814,17861,2
2816,17864,2
2818,17866,2
2824,17877,2
2826,17885,2
2828,17890,2
2832,17903,2
2838,17917,2
2841,17925,2
2848,17947,2
2853,17959,2
2856,17963,2
2860,17968,2
2867,17998,2
2870,18007,2
2872,18009,2
2873,18012,2
2874,18014,2
2876,18023,2
2880,18037,2
2882,18039,2
2888,18054,2
2893,18062,2
2895,18071,2
2900,18079,2
2901,18086,2
2903,18098,2
2909,18114,2
2924,18150,2
2927,18158,2
2930,18164,2
2932,18169,2
2934,18171,2
2935,18173,2
2939,18182,2
2943,18189,2
2945,18200,2
2951,18223,2
2956,18234,2
2958,18239,2
2965,18253,2
2967,18256,2
2975,18275,2
2978,18287,2
2985,18306,2
2995,18333,2
2998,18340,2
3006,18357,2
3007,18358,2
3014,18374,2
3018,18381,2
3021,18392,2
3023,18398,2
3026,18407,2
3047,18477,2
3048,18479,2
3064,18540,2
3071,18562,2
3074,18572,2
3077,18576,2
3079,18579,2
3084,18586,2
3086,18589,2
3087,18590,2
3089,18594,2
3103,18626,2
3107,18646,2
3114,18671,2
3115,18673,2
3120,18686,2
3125,18693,2
3129,18701,2
3132,18707,2
3134,18714,2
3136,18723,2
3144,18744,2
3147,18748,2
3151,18763,2
3152,18765,2
3155,18772,2
3156,18774,2
3160,18788,2
3162,18792,2
3164,18795,2
3165,18798,2
3166,18800,2
3168,18804,2
3169,18807,2
3172,18819,2
3176,18830,2
3188,18857,2
3195,18878,2
3196,18881,2
3197,18882,2
3200,18894,2
3202,18898,2
3206,18906,2
3208,18910,2
3210,18914,2
3212,18919,2
3215,18930,2
3217,18944,2
3219,18948,2
3220,18950,2
3224,18956,2
3225,18958,2
3226,18964,2
3228,18972,2
3229,18974,2
3231,18979,2
3232,18993,2
3235,18997,2
3236,18999,2
3237,19005,2
3246,19023,2
3258,19056,2
3259,19060,2
3266,19083,2
3269,19090,2
3279,19123,2
3281,19137,2
3287,19154,2
3293,19171,2
3296,19178,2
3298,19182,2
3299,19190,2
3301,19193,2
3306,19209,2
3307,19214,2
3308,19215,2
3311,19221,2
3316,19229,2
3321,19237,2
3326,19257,2
3332,19267,2
3334,19275,2
3335,19276,2
3338,19288,2
3341,19291,2
3345,19300,2
3361,19362,2
3379,19407,2
3380,19409,2
3384,19422,2
3390,19442,2
3396,19461,2
3402,19482,2
3407,19507,2
3411,19527,2
3412,19528,2
3419,19553,2
3423,19559,2
3424,19560,2
3428,19571,2
3430,19585,2
3446,19629,2
3450,19642,2
3454,19652,2
3456,19659,2
3467,19698,2
3469,19700,2
3473,19722,2
3477,19731,2
3478,19736,2
3481,19741,2
3483,19746,2
3487,19757,2
3489,19765,2
3497,19788,2
3503,19812,2
3505,19818,2
3513,19855,2
3518,19879,2
3521,19887,2
3523,19895,2
3528,19907,2
3532,19912,2
3547,19957,2
3548,19961,2
3552,19966,2
3561,19994,2
4,10015,1
6,10019,1
20,10058,1
29,10085,1
38,10107,1
39,10111,1
40,10115,1
41,10117,1
45,10127,1
48,10136,1
50,10145,1
53,10150,1
57,10162,1
58,10163,1
59,10164,1
60,10167,1
65,10182,1
67,10192,1
69,10196,1
72,10204,1
73,10205,1
74,10206,1
75,10214,1
79,10231,1
81,10233,1
85,10245,1
88,10249,1
89,10252,1
93,10265,1
94,10271,1
95,10272,1
97,10280,1
109,10317,1
110,10319,1
111,10324,1
114,10329,1
116,10334,1
122,10374,1
129,10401,1
137,10415,1
142,10425,1
144,10427,1
149,10439,1
152,10452,1
155,10461,1
160,10479,1
164,10490,1
165,10492,1
166,10495,1
167,10500,1
168,10502,1
169,10508,1
172,10512,1
174,10517,1
175,10518,1
176,10522,1
178,10528,1
186,10546,1
190,10564,1
191,10565,1
194,10572,1
195,10577,1
198,10594,1
200,10603,1
204,10609,1
205,10615,1
206,10620,1
207,10621,1
208,10628,1
209,10629,1
211,10631,1
212,10633,1
213,10634,1
215,10638,1
216,10643,1
220,10656,1
221,10657,1
222,10659,1
226,10666,1
228,10669,1
232,10680,1
240,10701,1
244,10708,1
249,10721,1
255,10737,1
259,10757,1
260,10758,1
262,10761,1
263,10762,1
265,10766,1
267,10774,1
272,10781,1
275,10791,1
282,10818,1
285,10826,1
289,10835,1
290,10836,1
298,10870,1
300,10876,1
302,10879,1
304,10882,1
306,10884,1
307,10887,1
309,10894,1
311,10897,1
321,10931,1
328,10943,1
329,10949,1
331,10957,1
336,10975,1
337,10976,1
338,10977,1
340,10982,1
341,10983,1
344,10986,1
345,10993,1
346,10996,1
347,10997,1
350,11002,1
351,11009,1
353,11021,1
355,11025,1
356,11026,1
358,11029,1
359,11032,1
362,11038,1
368,11056,1
374,11068,1
375,11069,1
380,11083,1
381,11084,1
384,11089,1
387,11097,1
392,11116,1
397,11136,1
399,11138,1
400,11143,1
401,11144,1
403,11149,1
404,11150,1
406,11154,1
408,11165,1
409,11166,1
420,11186,1
421,11191,1
422,11192,1
423,11193,1
425,11199,1
426,11201,1
429,11209,1
434,11221,1
444,11242,1
445,11245,1
446,11251,1
455,11269,1
456,11275,1
457,11278,1
462,11296,1
463,11297,1
470,11317,1
472,11320,1
473,11328,1
476,11339,1
477,11341,1
479,11347,1
480,11354,1
481,11355,1
485,11364,1
487,11369,1
488,11372,1
493,11396,1
496,11414,1
497,11420,1
498,11422,1
506,11444,1
508,11452,1
509,11453,1
510,11458,1
511,11460,1
512,11462,1
513,11464,1
515,11478,1
517,11486,1
518,11488,1
519,11492,1
520,11493,1
521,11495,1
526,11504,1
531,11523,1
534,11532,1
539,11547,1
541,11553,1
542,11560,1
545,11576,1
549,11585,1
550,11586,1
551,11589,1
554,11596,1
560,11612,1
561,11619,1
562,11622,1
566,11632,1
567,11637,1
569,11641,1
574,11656,1
577,11662,1
579,11669,1
580,11670,1
581,11671,1
582,11672,1
587,11688,1
588,11690,1
594,11712,1
598,11726,1
602,11737,1
608,11750,1
614,11761,1
616,11772,1
618,11778,1
621,11783,1
623,11787,1
624,11792,1
627,11802,1
628,11803,1
630,11805,1
632,11808,1
635,11818,1
636,11819,1
640,11840,1
642,11845,1
644,11847,1
646,11850,1
650,11864,1
653,11869,1
654,11872,1
656,11876,1
660,11887,1
661,11889,1
664,11902,1
666,11904,1
671,11923,1
675,11934,1
680,11950,1
681,11952,1
686,11962,1
687,11966,1
688,11967,1
689,11969,1
692,11978,1
694,11986,1
703,12019,1
705,12024,1
707,12028,1
708,12029,1
713,12042,1
717,12055,1
721,12075,1
724,12082,1
731,12102,1
741,12135,1
743,12141,1
745,12156,1
747,12158,1
748,12160,1
752,12176,1
757,12184,1
759,12188,1
762,12194,1
764,12196,1
769,12212,1
774,12228,1
776,12241,1
780,12260,1
784,12276,1
789,12287,1
792,12292,1
796,12301,1
797,12305,1
803,12320,1
807,12326,1
808,12328,1
813,12338,1
820,12359,1
823,12372,1
826,12375,1
830,12394,1
831,12396,1
833,12399,1
839,12407,1
840,12408,1
843,12420,1
848,12436,1
853,12447,1
855,12457,1
860,12472,1
861,12473,1
862,12474,1
864,12480,1
868,12492,1
869,12493,1
873,12509,1
875,12517,1
876,12523,1
883,12536,1
884,12543,1
886,12551,1
891,12564,1
894,12573,1
897,12577,1
899,12582,1
900,12583,1
903,12593,1
908,12602,1
909,12603,1
915,12615,1
916,12620,1
920,12624,1
921,12625,1
924,12630,1
931,12646,1
932,12650,1
935,12655,1
940,12669,1
941,12672,1
944,12678,1
945,12679,1
947,12693,1
949,12702,1
960,12726,1
965,12739,1
971,12758,1
974,12766,1
975,12767,1
976,12771,1
980,12779,1
989,12810,1
991,12813,1
994,12823,1
998,12842,1
999,12843,1
1004,12854,1
1005,12856,1
1011,12886,1
1012,12888,1
1015,12900,1
1017,12906,1
1018,12909,1
1021,12917,1
1024,12924,1
1025,12925,1
1031,12939,1
1034,12948,1
1038,12960,1
1044,12975,1
1047,12979,1
1049,12982,1
1053,12991,1
1054,12995,1
1055,12997,1
1060,13007,1
1062,13019,1
1063,13021,1
1064,13022,1
1065,13023,1
1067,13028,1
1068,13030,1
1072,13041,1
1073,13044,1
1074,13049,1
1075,13050,1
1076,13054,1
1078,13065,1
1080,13072,1
1088,13096,1
1089,13099,1
1094,13115,1
1103,13135,1
1110,13159,1
1112,13169,1
1113,13172,1
1116,13181,1
1119,13205,1
1121,13207,1
1123,13209,1
1125,13213,1
1128,13219,1
1134,13238,1
1136,13243,1
1137,13245,1
1138,13247,1
1143,13257,1
1144,13263,1
1145,13272,1
1148,13283,1
1154,13300,1
1156,13304,1
1160,13315,1
1164,13322,1
1168,13335,1
1170,13339,1
1173,13342,1
1176,13347,1
1177,13348,1
1189,13376,1
1190,13377,1
1191,13378,1
1192,13382,1
1198,13405,1
1200,13408,1
1201,13409,1
1202,13411,1
1204,13415,1
1205,13416,1
1206,13420,1
1207,13423,1
1209,13434,1
1217,13450,1
1218,13453,1
1219,13456,1
1221,13460,1
1224,13470,1
1228,13484,1
1234,13496,1
1235,13498,1
1237,13505,1
1238,13508,1
1239,13510,1
1242,13515,1
1247,13521,1
1252,13544,1
1253,13547,1
1256,13553,1
1257,13556,1
1258,13557,1
1259,13558,1
1261,13563,1
1262,13564,1
1263,13569,1
1266,13575,1
1269,13583,1
1270,13587,1
1271,13588,1
1273,13591,1
1275,13594,1
1279,13606,1
1281,13612,1
1284,13618,1
1285,13619,1
1287,13623,1
1288,13627,1
1290,13635,1
1292,13638,1
1297,13658,1
1299,13662,1
1301,13666,1
1311,13688,1
1312,13691,1
1313,13693,1
1317,13702,1
1320,13714,1
1324,13735,1
1328,13744,1
1331,13752,1
1333,13763,1
1337,13781,1
1339,13783,1
1343,13794,1
1345,13797,1
1348,13805,1
1352,13817,1
1356,13826,1
1357,13828,1
1360,13849,1
1362,13854,1
1365,13867,1
1367,13869,1
1372,13880,1
1373,13884,1
1374,13888,1
1375,13890,1
1377,13901,1
1379,13903,1
1384,13921,1
1385,13922,1
1389,13934,1
1391,13936,1
1394,13945,1
1399,13954,1
1402,13963,1
1403,13965,1
1404,13966,1
1406,13970,1
1409,13977,1
1410,13982,1
1413,13987,1
1415,13991,1
1417,14001,1
1426,14034,1
1427,14041,1
1428,14043,1
1436,14062,1
1454,14110,1
1455,14113,1
1459,14123,1
1462,14130,1
1467,14144,1
1468,14146,1
1472,14158,1
1476,14166,1
1482,14188,1
1483,14196,1
1488,14212,1
1489,14213,1
1490,14214,1
1492,14219,1
1494,14226,1
1495,14228,1
1496,14231,1
1498,14236,1
1504,14257,1
1506,14263,1
1507,14276,1
1510,14288,1
1513,14303,1
1517,14323,1
1519,14326,1
1524,14338,1
1540,14383,1
1541,14386,1
1543,14391,1
1544,14392,1
1545,14393,1
1549,14399,1
1550,14403,1
1552,14408,1
1559,14423,1
1560,14424,1
1561,14427,1
1564,14435,1
1571,14448,1
1575,14461,1
1578,14468,1
1595,14516,1
1603,14533,1
1606,14539,1
1610,14546,1
1613,14554,1
1614,14556,1
1617,14561,1
1618,14566,1
1619,14571,1
1627,14592,1
1632,14601,1
1637,14613,1
1641,14628,1
1642,14629,1
1646,14646,1
1648,14651,1
1655,14672,1
1659,14678,1
1660,14680,1
1662,14692,1
1668,14715,1
1669,14716,1
1672,14724,1
1677,14736,1
1678,14739,1
1680,14741,1
1683,14744,1
1684,14745,1
1685,14752,1
1694,14781,1
1696,14785,1
1698,14790,1
1702,14800,1
1703,14802,1
1705,14806,1
1707,14813,1
1708,14815,1
1710,14819,1
1711,14824,1
1712,14825,1
1713,14828,1
1717,14836,1
1722,14855,1
1725,14863,1
1726,14866,1
1729,14869,1
1730,14870,1
1732,14876,1
1735,14879,1
1742,14914,1
1743,14916,1
1744,14917,1
1751,14942,1
1753,14948,1
1754,14951,1
1756,14959,1
1761,14983,1
1777,15025,1
1780,15028,1
1787,15055,1
1788,15058,1
1789,15061,1
1793,15079,1
1794,15081,1
1795,15082,1
1796,15083,1
1800,15094,1
1803,15097,1
1805,15103,1
1807,15109,1
1808,15110,1
1811,15113,1
1812,15115,1
1813,15116,1
1820,15136,1
1822,15140,1
1827,15152,1
1828,15154,1
1831,15165,1
1832,15166,1
1833,15169,1
1839,15189,1
1841,15194,1
1848,15214,1
1854,15234,1
1855,15235,1
1856,15236,1
1860,15247,1
1861,15248,1
1862,15250,1
1863,15254,1
1866,15260,1
1870,15271,1
1878,15291,1
1882,15296,1
1890,15311,1
1898,15329,1
1900,15332,1
1905,15343,1
1907,15347,1
1908,15348,1
1915,15366,1
1916,15367,1
1922,15381,1
1930,15405,1
1932,15408,1
1933,15409,1
1937,15420,1
1941,15431,1
1943,15437,1
1946,15441,1
1950,15453,1
1959,15472,1
1960,15475,1
1963,15479,1
1964,15481,1
1966,15485,1
1967,15499,1
1970,15506,1
1972,15510,1
1974,15513,1
1975,15515,1
1976,15518,1
1979,15525,1
1980,15532,1
1982,15536,1
1983,15539,1
1984,15542,1
1988,15561,1
1991,15566,1
1992,15568,1
1999,15586,1
2000,15587,1
2001,15595,1
2002,15598,1
2003,15600,1
2004,15601,1
2006,15604,1
2013,15626,1
2018,15637,1
2020,15642,1
2025,15652,1
2031,15670,1
2032,15671,1
2033,15673,1
2034,15675,1
2042,15701,1
2045,15705,1
2046,15706,1
2052,15715,1
2053,15717,1
2054,15719,1
2058,15731,1
2059,15732,1
2061,15738,1
2063,15741,1
2066,15745,1
2068,15753,1
2071,15758,1
2073,15764,1
2074,15765,1
2076,15769,1
2077,15770,1
2079,15778,1
2085,15787,1
2086,15793,1
2089,15800,1
2090,15801,1
2091,15803,1
2092,15807,1
2094,15815,1
2095,15820,1
2099,15832,1
2109,15867,1
2111,15870,1
2115,15881,1
2116,15882,1
2119,15891,1
2122,15902,1
2123,15905,1
2129,15923,1
2132,15934,1
2133,15937,1
2138,15953,1
2139,15956,1
2141,15963,1
2153,15993,1
2159,16011,1
2160,16012,1
2162,16018,1
2168,16040,1
2170,16045,1
2172,16065,1
2182,16094,1
2183,16095,1
2184,16099,1
2186,16102,1
2187,16105,1
2189,16111,1
2195,16139,1
2197,16143,1
2198,16144,1
2200,16147,1
2203,16156,1
2205,16159,1
2206,16160,1
2208,16177,1
2209,16179,1
2211,16181,1
2213,16185,1
2214,16191,1
2217,16195,1
2227,16219,1
2235,16250,1
2236,16251,1
2243,16263,1
2244,16267,1
2246,16271,1
2255,16290,1
2256,16291,1
2258,16298,1
2260,16303,1
2264,16310,1
2265,16315,1
2269,16323,1
2275,16337,1
2277,16344,1
2282,16364,1
2288,16380,1
2291,16391,1
2293,16393,1
2294,16394,1
2297,16409,1
2298,16410,1
2302,16421,1
2305,16427,1
2308,16432,1
2310,16435,1
2312,16442,1
2313,16453,1
2314,16464,1
2315,16466,1
2322,16492,1
2324,16494,1
2326,16498,1
2330,16515,1
2333,16524,1
2336,16533,1
2338,16535,1
2341,16542,1
2354,16575,1
2357,16581,1
2358,16584,1
2361,16590,1
2366,16598,1
2376,16621,1
2379,16632,1
2380,16633,1
2393,16670,1
2395,16674,1
2396,16676,1
2399,16687,1
2401,16694,1
2402,16695,1
2403,16696,1
2404,16700,1
2407,16705,1
2415,16719,1
2418,16731,1
2421,16734,1
2422,16737,1
2424,16740,1
2425,16743,1
2426,16746,1
2435,16765,1
2438,16775,1
2447,16796,1
2448,16802,1
2449,16804,1
2453,16812,1
2454,16815,1
2455,16817,1
2456,16822,1
2463,16832,1
2467,16848,1
2471,16858,1
2474,16871,1
2475,16872,1
2477,16879,1
2480,16894,1
2481,16896,1
2484,16907,1
2487,16913,1
2490,16921,1
2491,16923,1
2493,16930,1
2497,16938,1
2498,16939,1
2502,16953,1
2503,16957,1
2505,16964,1
2507,16967,1
2511,16977,1
2512,16979,1
2513,16983,1
2514,16986,1
2519,17003,1
2523,17009,1
2524,17011,1
2528,17023,1
2532,17037,1
2534,17045,1
2537,17052,1
2538,17053,1
2539,17054,1
2545,17063,1
2550,17077,1
2553,17081,1
2555,17087,1
2557,17092,1
2558,17096,1
2559,17100,1
2563,17109,1
2565,17112,1
2566,17116,1
2567,17119,1
2568,17121,1
2571,17132,1
2578,17151,1
2579,17152,1
2581,17159,1
2583,17164,1
2587,17179,1
2590,17191,1
2593,17196,1
2595,17201,1
2597,17208,1
2599,17212,1
2603,17222,1
2605,17227,1
2612,17239,1
2617,17257,1
2621,17273,1
2622,17281,1
2624,17284,1
2625,17286,1
2626,17291,1
2627,17292,1
2630,17297,1
2634,17306,1
2641,17321,1
2648,17344,1
2661,17382,1
2662,17385,1
2664,17391,1
2665,17393,1
2666,17396,1
2669,17407,1
2670,17415,1
2675,17432,1
2678,17439,1
2679,17445,1
2682,17454,1
2684,17458,1
2687,17467,1
2689,17483,1
2690,17485,1
2695,17495,1
2697,17501,1
2698,17503,1
2699,17505,1
2704,17516,1
2709,17527,1
2711,17534,1
2718,17551,1
2721,17559,1
2725,17573,1
2729,17579,1
2742,17623,1
2744,17628,1
2746,17633,1
2747,17635,1
2750,17641,1
2754,17652,1
2756,17662,1
2758,17666,1
2759,17668,1
2760,17680,1
2763,17703,1
2765,17711,1
2770,17725,1
2771,17733,1
2772,17735,1
2776,17749,1
2777,17750,1
2778,17759,1
2779,17761,1
2781,17763,1
2793,17792,1
2794,17796,1
2795,17799,1
2797,17811,1
2799,17814,1
2803,17822,1
2806,17826,1
2807,17829,1
2811,17850,1
2817,17865,1
2819,17868,1
2823,17875,1
2827,17886,1
2829,17893,1
2830,17901,1
2833,17905,1
2840,17923,1
2843,17931,1
2845,17942,1
2852,17953,1
2857,17964,1
2858,17965,1
2861,17973,1
2862,17975,1
2863,17989,1
2864,17993,1
2868,18000,1
2871,18008,1
2881,18038,1
2886,18048,1
2887,18050,1
2889,18057,1
2891,18059,1
2892,18061,1
2896,18072,1
2905,18100,1
2906,18104,1
2912,18123,1
2914,18128,1
2915,18130,1
2916,18132,1
2917,18135,1
2919,18140,1
2922,18145,1
2929,18162,1
2931,18165,1
2933,18170,1
2938,18181,1
2941,18186,1
2942,18187,1
2946,18203,1
2949,18214,1
2952,18225,1
2953,18226,1
2955,18232,1
2957,18236,1
2960,18242,1
2961,18243,1
2962,18244,1
2963,18248,1
2968,18258,1
2969,18262,1
2972,18268,1
2973,18271,1
2974,18274,1
2977,18281,1
2979,18289,1
2981,18297,1
2983,18299,1
2986,18310,1
2987,18311,1
2989,18316,1
2990,18320,1
2991,18325,1
2997,18335,1
3002,18348,1
3003,18350,1
3005,18355,1
3010,18365,1
3011,18367,1
3012,18369,1
3027,18411,1
3028,18413,1
3032,18432,1
3033,18433,1
3035,18438,1
3036,18442,1
3037,18443,1
3042,18457,1
3045,18473,1
3050,18483,1
3053,18491,1
3062,18536,1
3063,18538,1
3065,18546,1
3069,18556,1
3070,18557,1
3072,18564,1
3078,18578,1
3081,18581,1
3085,18588,1
3088,18592,1
3093,18601,1
3097,18607,1
3098,18608,1
3102,18625,1
3105,18640,1
3109,18651,1
3111,18656,1
3112,18664,1
3117,18678,1
3119,18685,1
3121,18687,1
3122,18689,1
3124,18692,1
3127,18698,1
3130,18704,1
3137,18727,1
3142,18738,1
3145,18745,1
3149,18756,1
3150,18762,1
3159,18786,1
3161,18790,1
3163,18793,1
3170,18811,1
3173,18822,1
3178,18837,1
3179,18838,1
3180,18839,1
3183,18844,1
3184,18848,1
3187,18853,1
3189,18865,1
3194,18877,1
3201,18895,1
3207,18907,1
3209,18912,1
3211,18916,1
3213,18921,1
3216,18933,1
3222,18953,1
3223,18954,1
3230,18977,1
3239,19007,1
3240,19009,1
3241,19010,1
3242,19011,1
3243,19012,1
3248,19027,1
3252,19045,1
3262,19076,1
3263,19078,1
3267,19085,1
3271,19092,1
3274,19104,1
3280,19131,1
3283,19141,1
3284,19143,1
3290,19157,1
3294,19172,1
3300,19192,1
3303,19202,1
3305,19205,1
3310,19218,1
3313,19223,1
3318,19231,1
3328,19261,1
3333,19269,1
3337,19284,1
3344,19299,1
3348,19321,1
3350,19326,1
3351,19331,1
3353,19338,1
3358,19356,1
3364,19365,1
3365,19366,1
3368,19387,1
3369,19394,1
3373,19400,1
3374,19401,1
3385,19423,1
3386,19425,1
3391,19443,1
3393,19445,1
3397,19469,1
3403,19485,1
3408,19512,1
3414,19540,1
3416,19547,1
3420,19554,1
3421,19556,1
3422,19557,1
3427,19570,1
3437,19604,1
3441,19617,1
3443,19623,1
3444,19625,1
3445,19627,1
3447,19632,1
3448,19635,1
3451,19644,1
3461,19684,1
3462,19688,1
3464,19690,1
3465,19691,1
3471,19714,1
3472,19716,1
3476,19727,1
3490,19769,1
3491,19776,1
3493,19779,1
3499,19802,1
3504,19813,1
3508,19835,1
3511,19842,1
3520,19886,1
3524,19897,1
3529,19908,1
3534,19916,1
3536,19925,1
3540,19933,1
3546,19948,1
3549,19962,1
3551,19965,1
3563,19996,1
2,10012,0
3,10014,0
7,10021,0
8,10022,0
10,10026,0
11,10027,0
17,10051,0
19,10056,0
23,10077,0
24,10078,0
26,10082,0
28,10084,0
34,10094,0
36,10098,0
43,10123,0
46,10134,0
49,10143,0
56,10160,0
62,10172,0
63,10178,0
68,10194,0
70,10201,0
76,10216,0
83,10240,0
84,10243,0
92,10264,0
96,10275,0
99,10282,0
101,10292,0
102,10293,0
103,10295,0
106,10300,0
108,10310,0
118,10349,0
119,10362,0
120,10367,0
121,10373,0
123,10375,0
125,10383,0
127,10394,0
128,10396,0
131,10403,0
132,10404,0
133,10406,0
134,10408,0
136,10413,0
140,10419,0
141,10420,0
146,10431,0
150,10440,0
154,10460,0
159,10473,0
161,10482,0
170,10509,0
173,10516,0
179,10529,0
180,10532,0
183,10539,0
197,10579,0
201,10606,0
203,10608,0
218,10649,0
223,10660,0
224,10661,0
231,10673,0
234,10685,0
239,10698,0
241,10703,0
242,10704,0
251,10725,0
254,10736,0
258,10750,0
261,10760,0
264,10765,0
266,10772,0
278,10804,0
279,10807,0
280,10812,0
284,10821,0
287,10830,0
292,10854,0
297,10865,0
299,10873,0
303,10880,0
312,10898,0
315,10918,0
320,10930,0
325,10936,0
327,10941,0
330,10955,0
333,10961,0
342,10984,0
343,10985,0
348,11000,0
349,11001,0
361,11035,0
365,11046,0
366,11050,0
378,11080,0
382,11085,0
383,11086,0
385,11091,0
389,11100,0
395,11129,0
396,11130,0
398,11137,0
402,11148,0
405,11153,0
407,11160,0
411,11170,0
413,11172,0
414,11175,0
417,11180,0
419,11182,0
427,11203,0
428,11206,0
430,11213,0
431,11216,0
432,11218,0
438,11229,0
443,11241,0
447,11252,0
449,11257,0
453,11265,0
454,11267,0
458,11279,0
461,11292,0
483,11362,0
486,11366,0
490,11378,0
492,11388,0
495,11404,0
499,11424,0
500,11426,0
501,11431,0
514,11476,0
523,11498,0
527,11509,0
529,11517,0
530,11522,0
532,11525,0
537,11535,0
540,11550,0
555,11597,0
556,11598,0
563,11626,0
564,11628,0
573,11655,0
584,11683,0
589,11691,0
590,11693,0
591,11697,0
592,11699,0
593,11704,0
596,11718,0
600,11735,0
601,11736,0
603,11738,0
607,11746,0
609,11751,0
626,11801,0
633,11809,0
637,11833,0
639,11836,0
641,11843,0
643,11846,0
647,11852,0
648,11853,0
652,11868,0
658,11885,0
659,11886,0
663,11901,0
668,11908,0
669,11917,0
670,11919,0
673,11928,0
674,11930,0
678,11945,0
679,11946,0
684,11958,0
685,11960,0
693,11979,0
695,11988,0
696,11991,0
697,11994,0
698,11996,0
710,12033,0
718,12056,0
720,12063,0
725,12083,0
732,12105,0
736,12121,0
737,12122,0
738,12128,0
749,12165,0
751,12169,0
754,12181,0
756,12183,0
763,12195,0
767,12209,0
770,12218,0
771,12220,0
773,12224,0
777,12252,0
782,12269,0
783,12273,0
793,12293,0
800,12311,0
805,12324,0
806,12325,0
812,12337,0
816,12341,0
824,12373,0
828,12383,0
835,12403,0
836,12404,0
838,12406,0
841,12413,0
842,12414,0
847,12434,0
849,12439,0
851,12444,0
857,12463,0
858,12469,0
865,12486,0
866,12488,0
871,12504,0
874,12513,0
877,12524,0
878,12527,0
879,12528,0
881,12532,0
882,12534,0
887,12554,0
888,12555,0
890,12563,0
892,12568,0
898,12581,0
902,12590,0
905,12597,0
907,12601,0
912,12611,0
913,12612,0
918,12622,0
922,12626,0
925,12635,0
926,12636,0
927,12638,0
928,12641,0
930,12643,0
934,12653,0
937,12662,0
938,12664,0
939,12668,0
948,12695,0
952,12708,0
953,12713,0
954,12716,0
955,12717,0
958,12721,0
959,12724,0
964,12735,0
966,12745,0
969,12750,0
977,12775,0
978,12776,0
981,12781,0
985,12804,0
986,12805,0
993,12820,0
1001,12849,0
1008,12866,0
1009,12868,0
1014,12894,0
1016,12902,0
1019,12912,0
1020,12914,0
1027,12929,0
1029,12931,0
1035,12950,0
1037,12953,0
1042,12973,0
1043,12974,0
1045,12976,0
1050,12984,0
1051,12985,0
1052,12986,0
1057,13000,0
1059,13005,0
1069,13032,0
1079,13067,0
1082,13080,0
1083,13083,0
1084,13085,0
1090,13102,0
1093,13112,0
1106,13147,0
1108,13154,0
1109,13155,0
1111,13165,0
1124,13212,0
1126,13215,0
1127,13218,0
1130,13224,0
1133,13233,0
1139,13248,0
1141,13252,0
1142,13253,0
1146,13279,0
1149,13284,0
1150,13289,0
1157,13305,0
1165,13326,0
1167,13333,0
1172,13341,0
1178,13351,0
1179,13355,0
1182,13363,0
1185,13370,0
1188,13375,0
1195,13388,0
1196,13398,0
1203,13412,0
1214,13441,0
1216,13448,0
1220,13457,0
1225,13473,0
1226,13481,0
1229,13485,0
1231,13491,0
1240,13512,0
1248,13525,0
1250,13535,0
1251,13537,0
1255,13551,0
1268,13581,0
1272,13589,0
1276,13599,0
1280,13610,0
1286,13621,0
1289,13630,0
1291,13637,0
1294,13647,0
1295,13648,0
1300,13663,0
1302,13667,0
1303,13669,0
1305,13680,0
1307,13683,0
1318,13705,0
1321,13724,0
1326,13738,0
1330,13747,0
1335,13770,0
1338,13782,0
1341,13786,0
1347,13804,0
1350,13812,0
1351,13813,0
1354,13820,0
1369,13872,0
1370,13873,0
1378,13902,0
1386,13924,0
1388,13929,0
1390,13935,0
1401,13959,0
1405,13968,0
1411,13985,0
1418,14002,0
1420,14020,0
1421,14021,0
1422,14022,0
1423,14024,0
1430,14045,0
1432,14048,0
1437,14063,0
1443,14084,0
1444,14087,0
1445,14090,0
1446,14091,0
1447,14092,0
1449,14095,0
1452,14101,0
1456,14115,0
1457,14116,0
1458,14121,0
1460,14124,0
1461,14126,0
1469,14147,0
1471,14154,0
1473,14161,0
1475,14165,0
1479,14172,0
1480,14179,0
1485,14200,0
1486,14205,0
1509,14280,0
1511,14290,0
1515,14306,0
1516,14321,0
1518,14325,0
1520,14327,0
1522,14335,0
1523,14336,0
1525,14340,0
1533,14369,0
1534,14370,0
1536,14373,0
1538,14380,0
1542,14387,0
1548,14396,0
1551,14406,0
1558,14420,0
1562,14431,0
1565,14440,0
1568,14444,0
1569,14445,0
1577,14464,0
1582,14476,0
1584,14487,0
1585,14490,0
1592,14506,0
1593,14514,0
1594,14515,0
1596,14517,0
1600,14528,0
1605,14537,0
1611,14548,0
1615,14557,0
1616,14559,0
1621,14573,0
1623,14577,0
1625,14584,0
1626,14589,0
1628,14593,0
1634,14607,0
1635,14611,0
1640,14622,0
1645,14641,0
1647,14649,0
1657,14676,0
1658,14677,0
1661,14687,0
1663,14704,0
1671,14721,0
1674,14726,0
1682,14743,0
1688,14766,0
1689,14773,0
1691,14775,0
1695,14783,0
1709,14816,0
1716,14835,0
1718,14842,0
1719,14844,0
1723,14857,0
1727,14867,0
1728,14868,0
1734,14878,0
1736,14884,0
1737,14894,0
1740,14911,0
1741,14913,0
1748,14928,0
1749,14930,0
1750,14940,0
1762,14987,0
1764,14990,0
1767,14998,0
1770,15006,0
1771,15011,0
1776,15023,0
1781,15030,0
1783,15044,0
1786,15050,0
1791,15067,0
1799,15093,0
1802,15096,0
1825,15145,0
1837,15187,0
1840,15192,0
1843,15196,0
1844,15198,0
1845,15199,0
1847,15205,0
1849,15222,0
1852,15229,0
1853,15232,0
1857,15238,0
1858,15241,0
1859,15245,0
1864,15256,0
1865,15259,0
1871,15275,0
1872,15277,0
1873,15279,0
1874,15282,0
1877,15290,0
1879,15293,0
1880,15294,0
1881,15295,0
1883,15298,0
1884,15301,0
1885,15303,0
1889,15309,0
1892,15314,0
1893,15315,0
1895,15323,0
1901,15337,0
1902,15339,0
1903,15341,0
1904,15342,0
1906,15345,0
1911,15355,0
1914,15362,0
1917,15370,0
1918,15371,0
1919,15375,0
1920,15376,0
1921,15379,0
1925,15393,0
1928,15398,0
1929,15401,0
1931,15407,0
1935,15415,0
1939,15428,0
1942,15434,0
1948,15451,0
1952,15460,0
1955,15464,0
1956,15466,0
1958,15469,0
1965,15482,0
1969,15504,0
1981,15533,0
1985,15550,0
1987,15560,0
1995,15575,0
1996,15576,0
2005,15603,0
2007,15605,0
2011,15620,0
2022,15646,0
2026,15654,0
2030,15663,0
2035,15680,0
2036,15682,0
2037,15684,0
2038,15690,0
2040,15692,0
2041,15694,0
2047,15708,0
2049,15710,0
2051,15712,0
2056,15727,0
2060,15736,0
2065,15743,0
2067,15749,0
2070,15757,0
2075,15766,0
2078,15775,0
2087,15794,0
2093,15811,0
2097,15824,0
2101,15840,0
2103,15851,0
2104,15853,0
2106,15861,0
2112,15874,0
2121,15899,0
2135,15949,0
2137,15952,0
2148,15974,0
2149,15978,0
2152,15991,0
2156,15998,0
2158,16002,0
2165,16034,0
2169,16041,0
2174,16069,0
2176,16076,0
2181,16087,0
2185,16100,0
2191,16127,0
2192,16132,0
2194,16137,0
2201,16148,0
2202,16155,0
2207,16174,0
2216,16194,0
2219,16199,0
2220,16200,0
2222,16208,0
2223,16209,0
2226,16216,0
2231,16238,0
2232,16241,0
2234,16248,0
2237,16253,0
2247,16272,0
2249,16276,0
2251,16282,0
2259,16300,0
2261,16304,0
2266,16316,0
2267,16317,0
2268,16322,0
2272,16332,0
2276,16340,0
2280,16351,0
2281,16352,0
2285,16370,0
2287,16378,0
2295,16400,0
2296,16403,0
2299,16412,0
2301,16419,0
2304,16426,0
2306,16429,0
2316,16467,0
2317,16469,0
2321,16491,0
2334,16527,0
2342,16543,0
2343,16544,0
2344,16545,0
2348,16556,0
2349,16563,0
2352,16571,0
2356,16578,0
2360,16587,0
2362,16591,0
2364,16593,0
2370,16608,0
2371,16610,0
2373,16615,0
2375,16619,0
2377,16630,0
2378,16631,0
2384,16647,0
2386,16650,0
2388,16653,0
2390,16658,0
2391,16660,0
2392,16666,0
2394,16672,0
2397,16678,0
2398,16682,0
2400,16691,0
2410,16710,0
2411,16711,0
2412,16713,0
2419,16732,0
2423,16738,0
2427,16747,0
2429,16752,0
2430,16757,0
2431,16758,0
2433,16760,0
2437,16773,0
2440,16777,0
2441,16778,0
2444,16787,0
2451,16810,0
2452,16811,0
2457,16823,0
2458,16824,0
2459,16825,0
2466,16842,0
2468,16849,0
2469,16851,0
2470,16856,0
2479,16888,0
2489,16920,0
2494,16933,0
2496,16936,0
2499,16946,0
2501,16952,0
2506,16965,0
2509,16971,0
2515,16987,0
2517,16996,0
2518,17002,0
2522,17007,0
2526,17013,0
2527,17019,0
2529,17024,0
2530,17030,0
2535,17048,0
2542,17059,0
2543,17060,0
2551,17078,0
2554,17086,0
2560,17105,0
2561,17106,0
2564,17110,0
2570,17125,0
2573,17137,0
2576,17145,0
2580,17154,0
2584,17169,0
2585,17171,0
2586,17173,0
2588,17183,0
2592,17195,0
2598,17209,0
2601,17218,0
2606,17228,0
2609,17235,0
2613,17242,0
2618,17259,0
2619,17261,0
2628,17294,0
2631,17299,0
2632,17300,0
2636,17315,0
2639,17319,0
2642,17324,0
2644,17327,0
2646,17336,0
2647,17338,0
2649,17349,0
2650,17353,0
2655,17371,0
2657,17375,0
2658,17378,0
2663,17387,0
2667,17398,0
2668,17401,0
2671,17416,0
2673,17421,0
2674,17430,0
2683,17455,0
2685,17460,0
2693,17491,0
2694,17494,0
2702,17513,0
2705,17519,0
2715,17548,0
2717,17550,0
2726,17575,0
2727,17576,0
2733,17591,0
2738,17604,0
2739,17605,0
2741,17618,0
2748,17636,0
2749,17640,0
2757,17665,0
2764,17704,0
2766,17714,0
2767,17716,0
2780,17762,0
2785,17773,0
2787,17778,0
2792,17791,0
2796,17800,0
2800,17815,0
2802,17818,0
2805,17824,0
2809,17845,0
2812,17852,0
2813,17860,0
2820,17870,0
2821,17873,0
2831,17902,0
2834,17908,0
2835,17913,0
2836,17914,0
2839,17921,0
2842,17930,0
2844,17937,0
2846,17943,0
2847,17946,0
2850,17951,0
2851,17952,0
2854,17960,0
2855,17961,0
2859,17967,0
2869,18006,0
2875,18015,0
2878,18033,0
2883,18040,0
2885,18047,0
2890,18058,0
2894,18065,0
2897,18076,0
2898,18077,0
2908,18112,0
2910,18116,0
2911,18119,0
2913,18127,0
2918,18138,0
2920,18142,0
2921,18144,0
2923,18148,0
2926,18154,0
2928,18161,0
2944,18193,0
2947,18204,0
2948,18208,0
2950,18222,0
2954,18230,0
2966,18255,0
2971,18265,0
2976,18280,0
2980,18292,0
2988,18315,0
2993,18328,0
3000,18343,0
3008,18359,0
3013,18372,0
3015,18375,0
3017,18379,0
3019,18387,0
3020,18388,0
3022,18395,0
3025,18401,0
3029,18422,0
3030,18427,0
3031,18428,0
3039,18447,0
3043,18465,0
3044,18468,0
3046,18476,0
3051,18486,0
3052,18489,0
3054,18499,0
3055,18506,0
3056,18508,0
3057,18512,0
3058,18518,0
3059,18519,0
3060,18523,0
3067,18549,0
3075,18574,0
3076,18575,0
3083,18584,0
3090,18595,0
3092,18600,0
3094,18603,0
3099,18609,0
3100,18613,0
3113,18667,0
3118,18684,0
3123,18690,0
3126,18695,0
3131,18705,0
3133,18708,0
3138,18729,0
3139,18730,0
3143,18741,0
3146,18747,0
3153,18766,0
3154,18770,0
3157,18776,0
3158,18780,0
3167,18801,0
3171,18812,0
3181,18842,0
3190,18866,0
3192,18869,0
3198,18887,0
3205,18903,0
3214,18924,0
3218,18946,0
3221,18952,0
3227,18968,0
3234,18996,0
3238,19006,0
3244,19019,0
3245,19022,0
3251,19036,0
3255,19051,0
3260,19063,0
3264,19079,0
3268,19089,0
3270,19091,0
3272,19095,0
3273,19097,0
3276,19107,0
3277,19110,0
3288,19155,0
3289,19156,0
3292,19165,0
3297,19180,0
3302,19196,0
3304,19204,0
3309,19216,0
3312,19222,0
3314,19224,0
3315,19228,0
3317,19230,0
3320,19236,0
3322,19238,0
3324,19254,0
3325,19255,0
3329,19262,0
3330,19265,0
3342,19293,0
3346,19310,0
3347,19315,0
3349,19322,0
3352,19334,0
3356,19347,0
3362,19363,0
3363,19364,0
3370,19395,0
3372,19399,0
3375,19402,0
3376,19403,0
3378,19406,0
3381,19414,0
3382,19415,0
3388,19427,0
3389,19431,0
3392,19444,0
3394,19448,0
3395,19460,0
3398,19472,0
3399,19473,0
3401,19479,0
3405,19491,0
3406,19494,0
3409,19514,0
3413,19536,0
3417,19548,0
3418,19551,0
3426,19566,0
3429,19574,0
3432,19593,0
3434,19597,0
3436,19601,0
3438,19608,0
3439,19611,0
3442,19622,0
3449,19637,0
3452,19645,0
3453,19649,0
3455,19655,0
3458,19670,0
3459,19675,0
3470,19709,0
3474,19723,0
3475,19726,0
3479,19737,0
3482,19743,0
3485,19754,0
3486,19756,0
3488,19761,0
3495,19784,0
3496,19787,0
3498,19799,0
3501,19807,0
3506,19823,0
3509,19838,0
3510,19839,0
3515,19860,0
3516,19874,0
3517,19878,0
3522,19888,0
3525,19899,0
3526,19903,0
3533,19914,0
3537,19929,0
3539,19931,0
3541,19938,0
3544,19945,0
3553,19969,0
3554,19976,0
3555,19982,0
3559,19992,0
3560,19993,0
3562,19995,0
